[
  {
    "id": "db3728b5-af61-4ce5-bf6c-0ed412d1ab6c",
    "data": [
      {
        "text": "11111",
        "meta": "@sys.number",
        "alias": "number",
        "userDefined": false
      }
    ],
    "isTemplate": false,
    "count": 0,
    "lang": "en",
    "updated": 0
  },
  {
    "id": "2c4615ef-6634-4c9b-a8cd-0dd2c8f0d84f",
    "data": [
      {
        "text": "22222",
        "meta": "@sys.number",
        "alias": "number",
        "userDefined": false
      }
    ],
    "isTemplate": false,
    "count": 0,
    "lang": "en",
    "updated": 0
  },
  {
    "id": "c7c09e2c-5488-4f94-aff9-38bf8dc82d45",
    "data": [
      {
        "text": "54321",
        "meta": "@sys.number",
        "alias": "number",
        "userDefined": false
      }
    ],
    "isTemplate": false,
    "count": 0,
    "lang": "en",
    "updated": 0
  },
  {
    "id": "c380680e-846b-40b8-88aa-1e982a2842cb",
    "data": [
      {
        "text": "12345",
        "meta": "@sys.number",
        "alias": "number",
        "userDefined": false
      }
    ],
    "isTemplate": false,
    "count": 0,
    "lang": "en",
    "updated": 0
  }
]