[
  {
    "id": "b29decee-f6a8-470c-8067-2b803bfc7bf0",
    "data": [
      {
        "text": "chest",
        "meta": "@PainDetails",
        "alias": "detail",
        "userDefined": false
      }
    ],
    "isTemplate": false,
    "count": 0,
    "lang": "en",
    "updated": 0
  },
  {
    "id": "923e0d48-7e63-4515-a5ee-d8f1f3cbd385",
    "data": [
      {
        "text": "stomach",
        "meta": "@PainDetails",
        "alias": "detail",
        "userDefined": false
      }
    ],
    "isTemplate": false,
    "count": 0,
    "lang": "en",
    "updated": 0
  },
  {
    "id": "4122c19d-abd1-4bcf-85e7-de912e860da7",
    "data": [
      {
        "text": "throat",
        "meta": "@PainDetails",
        "alias": "detail",
        "userDefined": false
      }
    ],
    "isTemplate": false,
    "count": 0,
    "lang": "en",
    "updated": 0
  },
  {
    "id": "db8ffb65-e62e-4486-bacc-e017173db467",
    "data": [
      {
        "text": "head",
        "meta": "@PainDetails",
        "alias": "detail",
        "userDefined": false
      }
    ],
    "isTemplate": false,
    "count": 0,
    "lang": "en",
    "updated": 0
  }
]