[
  {
    "id": "4a519623-c1a0-483d-8246-76f52c121c18",
    "data": [
      {
        "text": "i have ",
        "userDefined": false
      },
      {
        "text": "circulatory",
        "meta": "@Symptoms",
        "alias": "Symptom",
        "userDefined": false
      },
      {
        "text": " problems",
        "userDefined": false
      }
    ],
    "isTemplate": false,
    "count": 0,
    "lang": "en",
    "updated": 0
  },
  {
    "id": "e12e54cd-d3b7-4ae0-aeef-74f652774e10",
    "data": [
      {
        "text": "i experience ",
        "userDefined": false
      },
      {
        "text": "nausea",
        "meta": "@Symptoms",
        "alias": "Symptom",
        "userDefined": false
      }
    ],
    "isTemplate": false,
    "count": 0,
    "lang": "en",
    "updated": 0
  },
  {
    "id": "2f0149f2-8817-48ed-9818-352e289503ef",
    "data": [
      {
        "text": "i feel ",
        "userDefined": false
      },
      {
        "text": "pain",
        "meta": "@Symptoms",
        "alias": "Symptom",
        "userDefined": false
      }
    ],
    "isTemplate": false,
    "count": 0,
    "lang": "en",
    "updated": 0
  },
  {
    "id": "94219a73-c4be-4df1-a5e9-3ee4a128c524",
    "data": [
      {
        "text": "i experience ",
        "userDefined": false
      },
      {
        "text": "pain",
        "meta": "@Symptoms",
        "alias": "Symptom",
        "userDefined": false
      }
    ],
    "isTemplate": false,
    "count": 0,
    "lang": "en",
    "updated": 0
  },
  {
    "id": "1d68c94d-d16a-4e4d-98d1-1ed214c91aee",
    "data": [
      {
        "text": "ache",
        "meta": "@Symptoms",
        "alias": "Symptom",
        "userDefined": false
      }
    ],
    "isTemplate": false,
    "count": 0,
    "lang": "en",
    "updated": 0
  },
  {
    "id": "81188b74-303c-48cc-9022-b7e9ceeec0b7",
    "data": [
      {
        "text": "i",
        "meta": "@sys.ignore",
        "userDefined": false
      },
      {
        "text": " have ",
        "userDefined": false
      },
      {
        "text": "pain",
        "meta": "@Symptoms",
        "alias": "Symptom",
        "userDefined": false
      }
    ],
    "isTemplate": false,
    "count": 0,
    "lang": "en",
    "updated": 0
  },
  {
    "id": "09c36fdf-9a14-4c10-9520-bed3d5a6b748",
    "data": [
      {
        "text": "circulatory",
        "meta": "@Symptoms",
        "alias": "Symptom",
        "userDefined": true
      }
    ],
    "isTemplate": false,
    "count": 0,
    "lang": "en",
    "updated": 0
  },
  {
    "id": "cdf2a62a-6282-48f7-b2e2-53440d95e7b3",
    "data": [
      {
        "text": "nausea",
        "meta": "@Symptoms",
        "alias": "Symptom",
        "userDefined": true
      }
    ],
    "isTemplate": false,
    "count": 0,
    "lang": "en",
    "updated": 0
  },
  {
    "id": "5228be0b-a66d-45e0-b831-a6fb6e4ce4a7",
    "data": [
      {
        "text": "pain",
        "meta": "@Symptoms",
        "alias": "Symptom",
        "userDefined": true
      }
    ],
    "isTemplate": false,
    "count": 0,
    "lang": "en",
    "updated": 0
  }
]